identifier,title,description,issued,modified,landingPage,webService,spatial
http://data1-indygis.opendata.arcgis.com/datasets/c1c78ca5722c487ab8ad7c90ba633ac4,City of Indianapolis Contracts,"Welcome to the portal for viewing and searching City  County Contracts!?? This application provides easy and convenient access to public contracts electronically and includes a searchable index feature.?? Contracts dating back to January 1, 2007, are available for review by clicking the links below.? Once inside the search application, you may easily search for contracts based on contracting entity, vendor name, and other search criteria.? Sec. 141-105 of the Revised Code of the Consolidated City and County requires that all contracts entered into by the City of Indianapolis and Marion County be made freely available to the public within twenty-one (21) days of final approval of the contract.? Therefore, you will see new contracts continually added to this tool.Please note that contracts available electronically are redacted as required by state law.? The City and County strive to improve the transparency of government operations and services, and endeavor to make information more accessible to all citizens.? We hope you find the search application useful and visit this site frequently.To Review the City / County Contracts electronically Click Here*Note: Please click on Guest Sign In to log in.How to Use the City / County Contracts PortalFrequently Asked Questions ?",2016-04-25T18:17:16.000Z,2016-05-04T18:22:21.000Z,http://data1-indygis.opendata.arcgis.com/datasets/c1c78ca5722c487ab8ad7c90ba633ac4,http://www.indy.gov/eGov/City/OCC/contracts/Pages/Contracts.aspx,"-180.0,-90.0,180.0,90.0",http://data1-indygis.opendata.arcgis.com/datasets/c1c78ca5722c487ab8ad7c90ba633ac4
http://data1-indygis.opendata.arcgis.com/datasets/8ae3935e72a447108db77c5f800a862c_5,Indianapolis Intersections,"Point file containing Indianapolis and Marion County, Indiana street intersection locations.Data projection: NAD 1983 StatePlane Indiana East FIPS 1301 (US Feet)",2015-08-06T17:38:38.000Z,2018-03-09T17:50:32.000Z,http://data1-indygis.opendata.arcgis.com/datasets/8ae3935e72a447108db77c5f800a862c_5,http://xmaps.indy.gov/arcgis/rest/services/OpenData/OpenData_Transportation/MapServer/5,"-86.3293,39.6267,-85.935,39.9418",http://data1-indygis.opendata.arcgis.com/datasets/8ae3935e72a447108db77c5f800a862c_5
http://data1-indygis.opendata.arcgis.com/datasets/da361b686b4f405d89ad9572bcb3e1c1_1,Railroad Crossings,"Point file representing railroad crossings in Indianapolis and Marion County, Indiana.Data projection: NAD 1983 StatePlane Indiana East FIPS 1301 (US Feet)",2015-12-14T19:43:40.000Z,2018-03-14T18:00:03.000Z,http://data1-indygis.opendata.arcgis.com/datasets/da361b686b4f405d89ad9572bcb3e1c1_1,http://xmaps.indy.gov/arcgis/rest/services/OpenData/OpenData_Transportation/MapServer/1,"-86.3284,39.634,-85.9371,39.9277",http://data1-indygis.opendata.arcgis.com/datasets/da361b686b4f405d89ad9572bcb3e1c1_1
http://data1-indygis.opendata.arcgis.com/datasets/41aa79a3b7b741a3b69ccc42511cd89d_0,"Marion County, Indiana Congressional Districts","Polygon file representing the congressional districts within Marion County, Indiana.Data projection: NAD 1983 StatePlane Indiana East FIPS 1301 (US Feet)",2015-12-02T17:31:50.000Z,2018-03-09T19:24:09.000Z,http://data1-indygis.opendata.arcgis.com/datasets/41aa79a3b7b741a3b69ccc42511cd89d_0,http://xmaps.indy.gov/arcgis/rest/services/OpenData/OpenData_Political/MapServer/0,"-86.3291,39.6322,-85.937,39.9278",http://data1-indygis.opendata.arcgis.com/datasets/41aa79a3b7b741a3b69ccc42511cd89d_0
http://data1-indygis.opendata.arcgis.com/datasets/c8495f704bf04ce69cb366a3ebde785f_1,Marion County Survey Section Lines,Line file depicting survey section lines as recorded by the Marion County Surveyor's Office.Data projection: NAD 1983 StatePlane Indiana East FIPS 1301 (US Feet),2015-12-07T18:54:27.000Z,2018-03-09T19:19:48.000Z,http://data1-indygis.opendata.arcgis.com/datasets/c8495f704bf04ce69cb366a3ebde785f_1,http://xmaps.indy.gov/arcgis/rest/services/OpenData/OpenData_Survey/MapServer/1,"-86.3291,39.6322,-85.9369,39.9278",http://data1-indygis.opendata.arcgis.com/datasets/c8495f704bf04ce69cb366a3ebde785f_1
http://data1-indygis.opendata.arcgis.com/datasets/b155bb381e724f8ab2b4d15089694be4,1984 Adult Entertainment Analysis,1984 Adult Entertainment Analysis in Indianapolis,2016-04-28T17:09:10.000Z,2016-04-28T17:10:07.000Z,http://data1-indygis.opendata.arcgis.com/datasets/b155bb381e724f8ab2b4d15089694be4,http://www.indy.gov/eGov/City/DMD/Planning/Documents/1984-AdultEntertainmentAnalysis.pdf,"-180.0,-90.0,180.0,90.0",http://data1-indygis.opendata.arcgis.com/datasets/b155bb381e724f8ab2b4d15089694be4
http://data1-indygis.opendata.arcgis.com/datasets/db8edeffc7904d85b18a2165f9feb6f2,City of Indianapolis Budget and Spending Information,Documents related to the City of Indianapolis budget and finance.,2016-04-26T18:48:58.000Z,2016-05-04T18:20:33.000Z,http://data1-indygis.opendata.arcgis.com/datasets/db8edeffc7904d85b18a2165f9feb6f2,http://www.indy.gov/eGov/City/OFM/Pages/home.aspx,"-180.0,-90.0,180.0,90.0",http://data1-indygis.opendata.arcgis.com/datasets/db8edeffc7904d85b18a2165f9feb6f2
http://data1-indygis.opendata.arcgis.com/datasets/bba987ced0cf4b7086650e3656b30d69_7,ZIP Code Boundaries,"Polygon file representing the ZIP code boundaries in Indianapolis and Marion County, Indiana.Data projection: NAD 1983 StatePlane Indiana East FIPS 1301 (US Feet)",2015-12-18T18:39:48.000Z,2018-03-14T18:49:23.000Z,http://data1-indygis.opendata.arcgis.com/datasets/bba987ced0cf4b7086650e3656b30d69_7,http://xmaps.indy.gov/arcgis/rest/services/OpenData/OpenData_Boundaries/MapServer/7,"-86.3641,39.5973,-85.933,39.9998",http://data1-indygis.opendata.arcgis.com/datasets/bba987ced0cf4b7086650e3656b30d69_7
http://data1-indygis.opendata.arcgis.com/datasets/d2fda038f9c1448a985fb55647593499_3,Mayor's Action Center Service Cases,Table containing the Indianapolis Mayor's Action Center (MAC) service case data.,2016-03-31T15:02:52.000Z,2018-03-09T20:24:52.000Z,http://data1-indygis.opendata.arcgis.com/datasets/d2fda038f9c1448a985fb55647593499_3,http://xmaps.indy.gov/arcgis/rest/services/OpenData/OpenData_NonSpatial/MapServer/3,"-86.336,39.629,-85.941,39.943",http://data1-indygis.opendata.arcgis.com/datasets/d2fda038f9c1448a985fb55647593499_3
http://data1-indygis.opendata.arcgis.com/datasets/46b5a151437147c3a1ef07b45295763a_7,Meridian Street Preservation Area,"Polygon file representing the boundaries of the Meridian Street Preservation Area.In 1971, the Meridian Street Preservation Act (Indiana Statute PL 260-1971) was passed.  It requires any owner in the North Meridian Street Preservation Area (both Primary and Secondary Areas)? to secure the approval of the Meridian Street Preservation Commission (MSPC) for any proposed change in land use (rezoning) or zoning variance of development standards.  In addition, the owners of properties on N. Meridian Street (in the Primary Preservation Area) must have proposed modifications of exterior features of their house and property through construction, reconstruction, alteration or demolition approved by the MSPC prior to beginning any work.? The MSPC is a nine member commission board that hears and votes on these petitions.Data projection: NAD 1983 StatePlane Indiana East FIPS 1301 (US Feet)",2015-12-01T19:36:15.000Z,2018-03-14T18:05:27.228Z,http://data1-indygis.opendata.arcgis.com/datasets/46b5a151437147c3a1ef07b45295763a_7,http://xmaps.indy.gov/arcgis/rest/services/OpenData/OpenData_PlanningZoning/MapServer/7,"-86.3291,39.6322,-85.9369,39.9278",http://data1-indygis.opendata.arcgis.com/datasets/46b5a151437147c3a1ef07b45295763a_7
http://data1-indygis.opendata.arcgis.com/datasets/20ddf5d08b704262ab501ae46df8e550_2,Abandoned And Vacant Housing,"Polygon file representing abandoned and vacant housing property as of January 2018 in Indianapolis and Marion County, Indiana.Vacant Property:

?????????
A property is defined as vacant if there is no open health and
hospital order and one of the following is true:

o?? No
electricity for more than 12 months

o?? No water
for more than 12 months

o?? Open
unsafe building order from BNS 

Abandoned Property :

?????????
A property is defined as abandoned if it is vacant and one of the
follow is true:

o?? Open
unsafe building order for longer than 6 months and there is no active permit 

o?? Open
unsafe building order for longer than 6 months and one tax cycle delinquent

o?? Two tax
cycles or more delinquent 

Data projection: NAD 1983 StatePlane Indiana East FIPS 1301 (US Feet)",2016-06-03T14:46:33.000Z,2018-04-17T14:47:57.772Z,http://data1-indygis.opendata.arcgis.com/datasets/20ddf5d08b704262ab501ae46df8e550_2,http://xmaps.indy.gov/arcgis/rest/services/OpenData/OpenData_Infrastructure/MapServer/2,"-86.3254,39.6368,-85.9532,39.9149",http://data1-indygis.opendata.arcgis.com/datasets/20ddf5d08b704262ab501ae46df8e550_2
http://data1-indygis.opendata.arcgis.com/datasets/49fca488854a4ddab7360fe7085fcce9_3,BlueIndy Car Stations,"Point file representing the locations of BlueIndy car stations in Indianapolis, Indiana.Find more information at the BlueIndy website.Data projection: NAD 1983 StatePlane Indiana East FIPS 1301 (US Feet)",2015-12-15T20:09:12.000Z,2018-03-09T13:57:32.000Z,http://data1-indygis.opendata.arcgis.com/datasets/49fca488854a4ddab7360fe7085fcce9_3,http://xmaps.indy.gov/arcgis/rest/services/OpenData/OpenData_Transportation/MapServer/3,"-86.3064,39.7075,-86.0633,39.9133",http://data1-indygis.opendata.arcgis.com/datasets/49fca488854a4ddab7360fe7085fcce9_3
http://data1-indygis.opendata.arcgis.com/datasets/03910e4805fe4feba661307dbfff18e4_11,IndyGo Bus Routes,"Line file representing IndGo bus routes in Indianapolis, Indiana.Data projection: NAD 1983 StatePlane Indiana East FIPS 1301 (US Feet)",2015-12-17T15:33:54.000Z,2018-03-09T19:14:08.000Z,http://data1-indygis.opendata.arcgis.com/datasets/03910e4805fe4feba661307dbfff18e4_11,http://xmaps.indy.gov/arcgis/rest/services/OpenData/OpenData_Transportation/MapServer/11,"-86.3284,39.6011,-85.9614,39.9278",http://data1-indygis.opendata.arcgis.com/datasets/03910e4805fe4feba661307dbfff18e4_11
http://data1-indygis.opendata.arcgis.com/datasets/c3a9cb1aedd241cfb28a38d444fd0da1_6,Cities and Towns,"Polygon file representing the included and excluded cities and towns in Marion County, Indiana.Data projection: NAD 1983 StatePlane Indiana East FIPS 1301 (US Feet)",2015-08-06T19:18:45.000Z,2018-03-09T14:04:58.000Z,http://data1-indygis.opendata.arcgis.com/datasets/c3a9cb1aedd241cfb28a38d444fd0da1_6,http://xmaps.indy.gov/arcgis/rest/services/OpenData/OpenData_Boundaries/MapServer/6,"-86.3291,39.6322,-85.9369,39.9278",http://data1-indygis.opendata.arcgis.com/datasets/c3a9cb1aedd241cfb28a38d444fd0da1_6
http://data1-indygis.opendata.arcgis.com/datasets/c259705b0e97451c95d136911758c943_10,Bike Lanes,"Line file representing streets with bike lane designations in Indianapolis and Marion County, Indiana.Data projection: NAD 1983 StatePlane Indiana East FIPS 1301 (US Feet)",2015-12-16T20:31:08.000Z,2018-03-09T13:56:14.000Z,http://data1-indygis.opendata.arcgis.com/datasets/c259705b0e97451c95d136911758c943_10,http://xmaps.indy.gov/arcgis/rest/services/OpenData/OpenData_Transportation/MapServer/10,"-86.3553,39.6257,-85.932,39.9512",http://data1-indygis.opendata.arcgis.com/datasets/c259705b0e97451c95d136911758c943_10
http://data1-indygis.opendata.arcgis.com/datasets/95bd9ffe7b4049a099db17141d752534,2005 Abandoned Housing Framework,Revitalizing Indianapolis Neighborhoods: A Framework for Linking Abandoned Houses and Redevelopment Initiatives,2016-04-29T13:41:43.000Z,2016-04-29T13:42:44.000Z,http://data1-indygis.opendata.arcgis.com/datasets/95bd9ffe7b4049a099db17141d752534,http://www.indy.gov/eGov/City/DMD/Planning/Documents/2005-AbandonedHousingFramework.pdf,"-180.0,-90.0,180.0,90.0",http://data1-indygis.opendata.arcgis.com/datasets/95bd9ffe7b4049a099db17141d752534
http://data1-indygis.opendata.arcgis.com/datasets/7c9bfbcc58c74b56adb4172804d1a041_16,Indianapolis Pedestrian Network,"Line file representing the pedestrian network in Indianapolis and Marion County, Indiana.Data projection: NAD 1983 StatePlane Indiana East FIPS 1301 (US Feet)",2016-05-16T17:32:05.000Z,2018-03-14T17:03:13.000Z,http://data1-indygis.opendata.arcgis.com/datasets/7c9bfbcc58c74b56adb4172804d1a041_16,http://xmaps.indy.gov/arcgis/rest/services/OpenData/OpenData_Transportation/MapServer/16,"-86.5576,39.4753,-85.8286,40.2178",http://data1-indygis.opendata.arcgis.com/datasets/7c9bfbcc58c74b56adb4172804d1a041_16
http://data1-indygis.opendata.arcgis.com/datasets/1503bef3ea944f1fbdafbafe92ae59b9_2,Mayor's Action Center Request for Information Cases,Table containing the Indianapolis Mayor's Action Center (MAC) Request for Information data.,2016-03-31T15:16:05.000Z,2018-03-09T19:33:07.000Z,http://data1-indygis.opendata.arcgis.com/datasets/1503bef3ea944f1fbdafbafe92ae59b9_2,http://xmaps.indy.gov/arcgis/rest/services/OpenData/OpenData_NonSpatial/MapServer/2,"-86.347,39.629,-85.935,39.933",http://data1-indygis.opendata.arcgis.com/datasets/1503bef3ea944f1fbdafbafe92ae59b9_2
http://data1-indygis.opendata.arcgis.com/datasets/fec187ccfb86417190b8f8be6eed5fdf,2014 IndyFastTrack,"A market-based, results-driven plan to increase private investment in four underutilized regional land assets that were vacated as a result of the severe destabilization of the automotive industry.",2016-04-28T16:34:13.000Z,2016-04-28T16:35:47.000Z,http://data1-indygis.opendata.arcgis.com/datasets/fec187ccfb86417190b8f8be6eed5fdf,http://www.indy.gov/eGov/City/DMD/Planning/Documents/2014-IndyFastTrack.pdf,"-180.0,-90.0,180.0,90.0",http://data1-indygis.opendata.arcgis.com/datasets/fec187ccfb86417190b8f8be6eed5fdf
http://data1-indygis.opendata.arcgis.com/datasets/1d296b34c9714bdda8db67927eea4ac2,2004 Regional Center Parking Study,2004 Regional Center Parking Study,2016-04-29T13:20:09.000Z,2016-04-29T13:20:48.000Z,http://data1-indygis.opendata.arcgis.com/datasets/1d296b34c9714bdda8db67927eea4ac2,http://www.indy.gov/eGov/City/DMD/Planning/Documents/2004-RegionalCenterParkingStudy.pdf,"-180.0,-90.0,180.0,90.0",http://data1-indygis.opendata.arcgis.com/datasets/1d296b34c9714bdda8db67927eea4ac2
http://data1-indygis.opendata.arcgis.com/datasets/89c4a32cf04a48879c6a5e3c9793ced6_0,Indianapolis DPW Curb Ratings,"Point layer representing curb ratings in Indianapolis and Marion County, Indiana.Data projection: NAD 1983 StatePlane Indiana East FIPS 1301 (US Feet)",2016-06-02T20:35:42.000Z,2018-03-09T17:49:11.000Z,http://data1-indygis.opendata.arcgis.com/datasets/89c4a32cf04a48879c6a5e3c9793ced6_0,http://xmaps.indy.gov/arcgis/rest/services/OpenData/OpenData_Infrastructure/MapServer/0,"-86.3291,39.6259,-85.9369,39.9278",http://data1-indygis.opendata.arcgis.com/datasets/89c4a32cf04a48879c6a5e3c9793ced6_0
http://data1-indygis.opendata.arcgis.com/datasets/11906e58ca514992af5be4ae27cc8640_5,Town Council Districts,"Polygon file representing the city and town council district boundaries in Indianapolis and Marion County, Indiana.Data projection: NAD 1983 StatePlane Indiana East FIPS 1301 (US Feet)",2015-12-02T19:54:40.000Z,2018-03-14T18:44:33.000Z,http://data1-indygis.opendata.arcgis.com/datasets/11906e58ca514992af5be4ae27cc8640_5,http://xmaps.indy.gov/arcgis/rest/services/OpenData/OpenData_Political/MapServer/5,"-86.3281,39.6493,-85.9371,39.9131",http://data1-indygis.opendata.arcgis.com/datasets/11906e58ca514992af5be4ae27cc8640_5
http://data1-indygis.opendata.arcgis.com/datasets/b485f93651ab4351b1c68a4985354047_1,Subdivision Boundaries,"Polygon file representing subdivision boundaries in Indianapolis and Marion County, Indiana.Data projection: NAD 1983 StatePlane Indiana East FIPS 1301 (US Feet)",2015-12-18T18:19:01.000Z,2018-03-14T18:43:53.000Z,http://data1-indygis.opendata.arcgis.com/datasets/b485f93651ab4351b1c68a4985354047_1,http://xmaps.indy.gov/arcgis/rest/services/OpenData/OpenData_Boundaries/MapServer/1,"-86.3291,39.6322,-85.9369,39.9278",http://data1-indygis.opendata.arcgis.com/datasets/b485f93651ab4351b1c68a4985354047_1
http://data1-indygis.opendata.arcgis.com/datasets/d01e7b2673384150b95b4dcfaa08d3e9,Indianapolis DPW Recycling Drop-off Locations 2016,Indianapolis DPW Recycling Drop-off Locations 2016,2016-05-02T12:20:14.000Z,2016-05-02T12:21:27.000Z,http://data1-indygis.opendata.arcgis.com/datasets/d01e7b2673384150b95b4dcfaa08d3e9,http://www.indy.gov/eGov/City/DPW/SustainIndy/Documents/DropOffLocations_2016_Final.pdf,"-180.0,-90.0,180.0,90.0",http://data1-indygis.opendata.arcgis.com/datasets/d01e7b2673384150b95b4dcfaa08d3e9
http://data1-indygis.opendata.arcgis.com/datasets/5c8a9412cf454753bc774d31d8505b50_12,IMPD UCR 2014 Data,"The
 Uniform Crime Report is a program administered by the federal 
government in which crime statistics from across the country are 
reported to the FBI in a uniform manner based on crime definitions 
determined by the FBI. UCR Part 1 crime groups are murder, rape, 
robbery, aggravated assault, burglary, larceny, and vehicle theft.? Additional information? regarding the downloadable files is available in .pdf format.",2016-04-26T18:04:43.000Z,2018-03-09T14:48:56.000Z,http://data1-indygis.opendata.arcgis.com/datasets/5c8a9412cf454753bc774d31d8505b50_12,http://xmaps.indy.gov/arcgis/rest/services/OpenData/OpenData_NonSpatial/MapServer/12,"-86.336,39.633,-85.963,39.932",http://data1-indygis.opendata.arcgis.com/datasets/5c8a9412cf454753bc774d31d8505b50_12
http://data1-indygis.opendata.arcgis.com/datasets/97398cf4efaa4556b0c57356d5818b76_3,Current Land Use,"Polygon file created in 2014 shows current land use for planning and zoning purposes in Indianapolis and Marion County, Indiana.Data projection: NAD 1983 StatePlane Indiana East FIPS 1301 (US Feet)",2015-11-24T19:28:49.000Z,2018-03-09T14:16:13.764Z,http://data1-indygis.opendata.arcgis.com/datasets/97398cf4efaa4556b0c57356d5818b76_3,http://xmaps.indy.gov/arcgis/rest/services/OpenData/OpenData_PlanningZoning/MapServer/3,"-86.3291,39.6322,-85.9369,39.9278",http://data1-indygis.opendata.arcgis.com/datasets/97398cf4efaa4556b0c57356d5818b76_3
http://data1-indygis.opendata.arcgis.com/datasets/1449faf233704544bdadeedc4d284d32_9,Trails,"Line file representing trails in Indianapolis and Marion County, Indiana.Data projection: NAD 1983 StatePlane Indiana East FIPS 1301 (US Feet)",2015-12-16T20:26:39.000Z,2018-03-14T18:46:52.000Z,http://data1-indygis.opendata.arcgis.com/datasets/1449faf233704544bdadeedc4d284d32_9,http://xmaps.indy.gov/arcgis/rest/services/OpenData/OpenData_Transportation/MapServer/9,"-86.2821,39.7349,-86.0403,39.948",http://data1-indygis.opendata.arcgis.com/datasets/1449faf233704544bdadeedc4d284d32_9
http://data1-indygis.opendata.arcgis.com/datasets/dbf184af8f714787bb103980937ae9fb_3,DMDLandUse Base Uses v2,"

DMD Landuse Base Uses, for use with
the DMD Landuse feedback application. ",2018-07-11T05:10:46.000Z,2018-07-11T05:24:54.717Z,http://data1-indygis.opendata.arcgis.com/datasets/dbf184af8f714787bb103980937ae9fb_3,http://xmaps.indy.gov/arcgis/rest/services/OpenData/OpenData_DMDLandUseFeedback/MapServer/3,"-86.3291,39.6322,-85.937,39.9278",http://data1-indygis.opendata.arcgis.com/datasets/dbf184af8f714787bb103980937ae9fb_3
http://data1-indygis.opendata.arcgis.com/datasets/2795ce3bcffc4bb9b21003500ba30848,2002 Affordability Paradox,2002 Affordability Paradox,2016-04-29T13:44:38.000Z,2016-04-29T13:45:33.000Z,http://data1-indygis.opendata.arcgis.com/datasets/2795ce3bcffc4bb9b21003500ba30848,http://www.indy.gov/eGov/City/DMD/Planning/Documents/2002-AffordabilityParadox.pdf,"-180.0,-90.0,180.0,90.0",http://data1-indygis.opendata.arcgis.com/datasets/2795ce3bcffc4bb9b21003500ba30848
http://data1-indygis.opendata.arcgis.com/datasets/fc419b1420bb4fee8fe5b9c4c599bbd0_0,PoliceBeatsJanuary2012,There is no description available.,2018-02-16T20:32:06.000Z,2018-04-16T16:16:08.965Z,http://data1-indygis.opendata.arcgis.com/datasets/fc419b1420bb4fee8fe5b9c4c599bbd0_0,http://imaps.indy.gov/arcgis/rest/services/PoliceBeatsJanuary2012/MapServer/0,"-86.3292,39.6322,-85.9369,39.9279",http://data1-indygis.opendata.arcgis.com/datasets/fc419b1420bb4fee8fe5b9c4c599bbd0_0
http://data1-indygis.opendata.arcgis.com/datasets/533eaa34635c49f7ada1856ac1c3ce15,City of Indianapolis Ethics,"In 2008, the City-County Council adopted Mayor Ballard's ethics reform proposal, which included sensible limits on gifts, honoraria, political activity, patronage, nepotism, the use of city-county property for non-business purposes and excess compensation for performing official duties. The Ethics Code also includes provisions to prevent conflicts of interests in voting and contracting. Perhaps most importantly, ?whistleblower? protection has been instituted so that employees who report suspected violations of the ethics code will not fear retribution.Key changes were also made to the Gift rule. The old $250 annual maximum allowance has been lowered to $25 per gift and an annual maximum of $100. Additionally, a broader scope of individuals are required to file an annual Economic Statements of Interest, and Economic Statements of Interest for all city and county elected officials are now required to be available online for public inspection. (See below).The ethics reform also requires that OCC train all new and existing appointees and employees on the new ethics code, the Open Door Law, and the Public Records Act.The City of Indianapolis/Marion County requires the following individuals to file an Economic Statement of Interest with the Office of Corporation Counsel between April 1st and May 1st each year:The Mayor, Assessor, Auditor, Clerk, Coroner, Recorder, Sheriff, Surveyor, Treasurer and any declared candidates for those offices;Appointees to city/county boards/commissions (except advisory bodies designated by OCC);The director of any city/county agency/department and any employee who reports directly to the director and any employee who reports directly to an elected official listed above;Any employee whose employment is subject to the approval of the City-County Council; and,Any employee designated by OCC as having final purchasing authority and all employees of the purchasing division of the Office of Finance and Management ",2016-04-25T15:52:21.000Z,2016-05-04T18:23:08.000Z,http://data1-indygis.opendata.arcgis.com/datasets/533eaa34635c49f7ada1856ac1c3ce15,http://www.indy.gov/eGov/City/OCC/Ethics/Pages/home.aspx,"-180.0,-90.0,180.0,90.0",http://data1-indygis.opendata.arcgis.com/datasets/533eaa34635c49f7ada1856ac1c3ce15
http://data1-indygis.opendata.arcgis.com/datasets/47bccd55f31e4a90825e8f3a1540adbe,1990 Regional Center Land Use Potential,1990 Regional Center Land Use Potential,2016-04-29T13:39:23.000Z,2016-04-29T13:39:58.000Z,http://data1-indygis.opendata.arcgis.com/datasets/47bccd55f31e4a90825e8f3a1540adbe,http://www.indy.gov/eGov/City/DMD/Planning/Documents/1990-RegionalCenterLandUsePotential.pdf,"-180.0,-90.0,180.0,90.0",http://data1-indygis.opendata.arcgis.com/datasets/47bccd55f31e4a90825e8f3a1540adbe
http://data1-indygis.opendata.arcgis.com/datasets/fb9936ff422e4fe98366790f69fbee7e_20,IMPD UCR 2017 Data,"

The Uniform Crime
Report is a program administered by the federal government in which crime
statistics from across the country are reported to the FBI in a uniform manner
based on crime definitions determined by the FBI. UCR Part 1 crime groups are
murder, rape, robbery, aggravated assault, burglary, larceny, and vehicle
theft.? 

Additional
information? regarding the downloadable files is available in .pdf
format.

",2018-05-09T13:13:43.000Z,2018-05-09T13:19:11.701Z,http://data1-indygis.opendata.arcgis.com/datasets/fb9936ff422e4fe98366790f69fbee7e_20,http://xmaps.indy.gov/arcgis/rest/services/OpenData/OpenData_NonSpatial/MapServer/20,"-180.0,-90.0,180.0,90.0",http://data1-indygis.opendata.arcgis.com/datasets/fb9936ff422e4fe98366790f69fbee7e_20
http://data1-indygis.opendata.arcgis.com/datasets/4cff613ee8de4c049315ed31e58207ec_18,IMPD UCR 2016 Data,"The Uniform Crime Report is a program administered by the
federal government in which crime statistics from across the country are
reported to the FBI in a uniform manner based on crime definitions determined
by the FBI. UCR Part 1 crime groups are murder, rape, robbery, aggravated
assault, burglary, larceny, and vehicle theft.? Additional
information? regarding the downloadable files is available in .pdf
format.",2017-05-19T15:36:48.000Z,2018-03-09T16:38:07.000Z,http://data1-indygis.opendata.arcgis.com/datasets/4cff613ee8de4c049315ed31e58207ec_18,http://xmaps.indy.gov/arcgis/rest/services/OpenData/OpenData_NonSpatial/MapServer/18,"-180.0,-90.0,180.0,90.0",http://data1-indygis.opendata.arcgis.com/datasets/4cff613ee8de4c049315ed31e58207ec_18
http://data1-indygis.opendata.arcgis.com/datasets/70e359772abc4d2cbdcdbbf103e2ecb0_5,IMPD UCR 2007 Data,"The Uniform Crime Report is a program administered by the federal government in which crime statistics from across the country are reported to the FBI in a uniform manner based on crime definitions determined by the FBI. UCR Part 1 crime groups are murder, rape, robbery, aggravated assault, burglary, larceny, and vehicle theft.? Additional information? regarding the downloadable files is available in .pdf format.",2016-04-26T15:31:49.000Z,2018-03-09T14:29:26.000Z,http://data1-indygis.opendata.arcgis.com/datasets/70e359772abc4d2cbdcdbbf103e2ecb0_5,http://xmaps.indy.gov/arcgis/rest/services/OpenData/OpenData_NonSpatial/MapServer/5,"-86.34,39.625,-85.934,39.938",http://data1-indygis.opendata.arcgis.com/datasets/70e359772abc4d2cbdcdbbf103e2ecb0_5
http://data1-indygis.opendata.arcgis.com/datasets/d1d0e6225339440181b09b62b9c0fb87_6,Historic National Register,"Polygon file representing the boundaries of Historic National Register properties in Indianapolis and Marion County, Indiana.Data projection: NAD 1983 StatePlane Indiana East FIPS 1301 (US Feet)",2015-11-30T20:18:13.000Z,2018-03-09T14:23:22.000Z,http://data1-indygis.opendata.arcgis.com/datasets/d1d0e6225339440181b09b62b9c0fb87_6,http://xmaps.indy.gov/arcgis/rest/services/OpenData/OpenData_PlanningZoning/MapServer/6,"-86.3142,39.6659,-85.9528,39.8986",http://data1-indygis.opendata.arcgis.com/datasets/d1d0e6225339440181b09b62b9c0fb87_6
http://data1-indygis.opendata.arcgis.com/datasets/bb00e9fe5ed84273b61ced9f3580dfe5,2010-2011 National Pollutant Discharge Elimination System (NPDES) Report,2010-2011 National Pollutant Discharge Elimination System (NPDES) Report,2016-04-28T13:41:40.000Z,2016-04-28T13:48:49.000Z,http://data1-indygis.opendata.arcgis.com/datasets/bb00e9fe5ed84273b61ced9f3580dfe5,http://www.indy.gov/eGov/City/DPW/SustainIndy/WaterLand/Pages/2010-2011-NPDES-Report.aspx,"-180.0,-90.0,180.0,90.0",http://data1-indygis.opendata.arcgis.com/datasets/bb00e9fe5ed84273b61ced9f3580dfe5
http://data1-indygis.opendata.arcgis.com/datasets/b7fd8a5a129e412d95dd86992fe7d7ab,2000 Central Indiana Transport Land Use Vision,2000 Central Indiana Transport Land Use Vision,2016-04-28T17:37:49.000Z,2016-04-28T17:38:43.000Z,http://data1-indygis.opendata.arcgis.com/datasets/b7fd8a5a129e412d95dd86992fe7d7ab,http://www.indy.gov/eGov/City/DMD/Planning/Documents/2000-CentralIndianaTransportLandUseVision.pdf,"-180.0,-90.0,180.0,90.0",http://data1-indygis.opendata.arcgis.com/datasets/b7fd8a5a129e412d95dd86992fe7d7ab
http://data1-indygis.opendata.arcgis.com/datasets/96dc62d6e4dd4b2ea0af3474c57648ab,2004 Crooked Creek Retail Market Study,2004 Crooked Creek Retail Market Study,2016-04-28T17:41:15.000Z,2016-04-28T17:42:14.000Z,http://data1-indygis.opendata.arcgis.com/datasets/96dc62d6e4dd4b2ea0af3474c57648ab,http://www.indy.gov/eGov/City/DMD/Planning/Documents/2004-CrookedCreekRetailMarketStudy.pdf,"-180.0,-90.0,180.0,90.0",http://data1-indygis.opendata.arcgis.com/datasets/96dc62d6e4dd4b2ea0af3474c57648ab
http://data1-indygis.opendata.arcgis.com/datasets/4ff11b4054d84cb2ad3513f228624d2b_9,Marion County Boundary,"Polygon file containing the Marion County, Indiana boundary.",2017-10-19T14:44:43.000Z,2018-03-09T19:16:22.000Z,http://data1-indygis.opendata.arcgis.com/datasets/4ff11b4054d84cb2ad3513f228624d2b_9,http://xmaps.indy.gov/arcgis/rest/services/OpenData/OpenData_Boundaries/MapServer/9,"-86.3291,39.6322,-85.9369,39.9278",http://data1-indygis.opendata.arcgis.com/datasets/4ff11b4054d84cb2ad3513f228624d2b_9
http://data1-indygis.opendata.arcgis.com/datasets/3401297b50c4492399057326ae9451db_8,IMPD UCR 2010 Data,"The
 Uniform Crime Report is a program administered by the federal 
government in which crime statistics from across the country are 
reported to the FBI in a uniform manner based on crime definitions 
determined by the FBI. UCR Part 1 crime groups are murder, rape, 
robbery, aggravated assault, burglary, larceny, and vehicle theft.? Additional information? regarding the downloadable files is available in .pdf format.",2016-04-26T17:00:29.000Z,2018-03-09T14:31:19.000Z,http://data1-indygis.opendata.arcgis.com/datasets/3401297b50c4492399057326ae9451db_8,http://xmaps.indy.gov/arcgis/rest/services/OpenData/OpenData_NonSpatial/MapServer/8,"-86.333,39.625,-85.932,39.929",http://data1-indygis.opendata.arcgis.com/datasets/3401297b50c4492399057326ae9451db_8
http://data1-indygis.opendata.arcgis.com/datasets/01bf6f1b38144d41902057efdf738227_14,Metered Parking,"Point file representing metered parking locations in Indianapolis, Indiana.Data projection: NAD 1983 StatePlane Indiana East FIPS 1301 (US Feet)",2015-12-17T19:36:39.000Z,2018-03-14T17:55:54.000Z,http://data1-indygis.opendata.arcgis.com/datasets/01bf6f1b38144d41902057efdf738227_14,http://xmaps.indy.gov/arcgis/rest/services/OpenData/OpenData_Transportation/MapServer/14,"-86.1763,39.7572,-86.141,39.8708",http://data1-indygis.opendata.arcgis.com/datasets/01bf6f1b38144d41902057efdf738227_14
http://data1-indygis.opendata.arcgis.com/datasets/2c43c19fa3404fb0b348ab0c49a11b5d,Community Affairs PowerPoint 6-10-2015,Community Affairs PowerPoint 6-10-2015,2016-05-02T12:09:44.000Z,2016-05-02T12:10:19.000Z,http://data1-indygis.opendata.arcgis.com/datasets/2c43c19fa3404fb0b348ab0c49a11b5d,http://oei.indy.gov/wp-content/uploads/2016/01/Comm-Affairs-Educ-Comm-PowerPoint-6-10-15.pdf,"-180.0,-90.0,180.0,90.0",http://data1-indygis.opendata.arcgis.com/datasets/2c43c19fa3404fb0b348ab0c49a11b5d
http://data1-indygis.opendata.arcgis.com/datasets/a57b0bfd99d04ccd8076801499ea8be6_15,Metered Parking Zones,"Polygon file representing the metered parking zone boundaries in Indianapolis, Indiana.Data projection: NAD 1983 StatePlane Indiana East FIPS 1301 (US Feet)",2015-12-17T20:01:49.000Z,2018-04-16T16:15:12.710Z,http://data1-indygis.opendata.arcgis.com/datasets/a57b0bfd99d04ccd8076801499ea8be6_15,http://imaps.indy.gov/arcgis/rest/services/OpenData_Transportation/FeatureServer/15,"-86.1765,39.7565,-86.1407,39.8709",http://data1-indygis.opendata.arcgis.com/datasets/a57b0bfd99d04ccd8076801499ea8be6_15
http://data1-indygis.opendata.arcgis.com/datasets/0cc8278a49ae42689ada7e231f76262f,City of Indianapolis Campaign Finance Reports,City of Indianapolis Campaign Finance Reports,2016-04-27T13:36:06.000Z,2018-04-16T16:15:11.333Z,http://data1-indygis.opendata.arcgis.com/datasets/0cc8278a49ae42689ada7e231f76262f,http://www.indy.gov/eGov/County/Clerk/Election/Candidate_Info/MCEBCampaignFinanceArchive/Candidates/mru.html,"-180.0,-90.0,180.0,90.0",http://data1-indygis.opendata.arcgis.com/datasets/0cc8278a49ae42689ada7e231f76262f
http://data1-indygis.opendata.arcgis.com/datasets/b6fedb76ff1e48e28c3a285b6ac2a43c,City of Indianapolis DCE Budget Pres FY 2016,City of Indianapolis Department of Code Enforcement (DCE) budget presentation for the 2016 fiscal year.,2016-04-27T14:56:04.000Z,2016-05-04T18:22:44.000Z,http://data1-indygis.opendata.arcgis.com/datasets/b6fedb76ff1e48e28c3a285b6ac2a43c,http://www.indy.gov/eGov/City/DCE/Documents/2015/FINAL DCE Budget Pres FY 2016.pdf,"-180.0,-90.0,180.0,90.0",http://data1-indygis.opendata.arcgis.com/datasets/b6fedb76ff1e48e28c3a285b6ac2a43c
http://data1-indygis.opendata.arcgis.com/datasets/fd5431db22df42d2a6b43a0626b80c2a_0,Marion County Survey Points,Point file depicting survey locations as recorded by the Marion County Surveyor's Office. Data projection: NAD 1983 StatePlane Indiana East FIPS 1301 (US Feet),2017-10-19T17:35:01.000Z,2018-03-09T19:18:47.000Z,http://data1-indygis.opendata.arcgis.com/datasets/fd5431db22df42d2a6b43a0626b80c2a_0,http://xmaps.indy.gov/arcgis/rest/services/OpenData/OpenData_Survey/MapServer/0,"-86.3291,39.6322,-85.9351,39.9278",http://data1-indygis.opendata.arcgis.com/datasets/fd5431db22df42d2a6b43a0626b80c2a_0
http://data1-indygis.opendata.arcgis.com/datasets/4c173d2d845e453c878e13e39b86316f_15,IMPD Officer Involved Shootings,Indianapolis Metropolitan Police Department (IMPD) officer involved shootings in Indianapolis and Marion County .,2016-11-14T20:04:46.000Z,2018-03-09T14:28:51.000Z,http://data1-indygis.opendata.arcgis.com/datasets/4c173d2d845e453c878e13e39b86316f_15,http://xmaps.indy.gov/arcgis/rest/services/OpenData/OpenData_NonSpatial/MapServer/15,"-180.0,-90.0,180.0,90.0",http://data1-indygis.opendata.arcgis.com/datasets/4c173d2d845e453c878e13e39b86316f_15
http://data1-indygis.opendata.arcgis.com/datasets/252d1d7b87c5439f8c9a759ab8c65cc1_5,Wellhead Protection Areas,"Polygon file depicting wellhead protection areas, although with time of travel, in and just outside the Marion County, Indiana boundaries.Data projection: NAD 1983 StatePlane Indiana East FIPS 1301 (US Feet)",2015-11-20T20:15:30.000Z,2018-03-14T18:48:39.000Z,http://data1-indygis.opendata.arcgis.com/datasets/252d1d7b87c5439f8c9a759ab8c65cc1_5,http://xmaps.indy.gov/arcgis/rest/services/OpenData/OpenData_Hydro/MapServer/5,"-86.3293,39.6033,-85.9368,39.9423",http://data1-indygis.opendata.arcgis.com/datasets/252d1d7b87c5439f8c9a759ab8c65cc1_5
http://data1-indygis.opendata.arcgis.com/datasets/92f8aa3b1b284c28983acf1d7171c9e8,2002 Martindale Brightwood Retail Study,2002 Martindale Brightwood Retail Study,2016-04-29T12:16:19.000Z,2016-04-29T12:16:53.000Z,http://data1-indygis.opendata.arcgis.com/datasets/92f8aa3b1b284c28983acf1d7171c9e8,http://www.indy.gov/eGov/City/DMD/Planning/Documents/2002-MartindaleBrightwoodRetailStudy.pdf,"-180.0,-90.0,180.0,90.0",http://data1-indygis.opendata.arcgis.com/datasets/92f8aa3b1b284c28983acf1d7171c9e8
http://data1-indygis.opendata.arcgis.com/datasets/eddfa657d7994ae39b39be5f5db076d6_7,IMPD UCR 2009 Data,"The
 Uniform Crime Report is a program administered by the federal 
government in which crime statistics from across the country are 
reported to the FBI in a uniform manner based on crime definitions 
determined by the FBI. UCR Part 1 crime groups are murder, rape, 
robbery, aggravated assault, burglary, larceny, and vehicle theft.? Additional information? regarding the downloadable files is available in .pdf format.",2016-04-26T15:52:29.000Z,2018-03-09T14:30:36.000Z,http://data1-indygis.opendata.arcgis.com/datasets/eddfa657d7994ae39b39be5f5db076d6_7,http://xmaps.indy.gov/arcgis/rest/services/OpenData/OpenData_NonSpatial/MapServer/7,"-86.331,39.625,-85.941,39.931",http://data1-indygis.opendata.arcgis.com/datasets/eddfa657d7994ae39b39be5f5db076d6_7
http://data1-indygis.opendata.arcgis.com/datasets/ccd639dc4acc4854a3028efd10933d9f_2,Marion County Survey Quarter Sections,Polygon file depicting survey quarter sections as recorded by the Marion County Surveyor's Office.Data projection: NAD 1983 StatePlane Indiana East FIPS 1301 (US Feet),2015-12-07T19:29:02.000Z,2018-03-09T19:19:17.000Z,http://data1-indygis.opendata.arcgis.com/datasets/ccd639dc4acc4854a3028efd10933d9f_2,http://xmaps.indy.gov/arcgis/rest/services/OpenData/OpenData_Survey/MapServer/2,"-86.3291,39.6322,-85.9369,39.9278",http://data1-indygis.opendata.arcgis.com/datasets/ccd639dc4acc4854a3028efd10933d9f_2
http://data1-indygis.opendata.arcgis.com/datasets/32c08391d28b418a99a27954e0f2fe1f_7,Airports,"Polygon file representing airports in Indianapolis and Marion County, Indiana.Data projection: NAD 1983 StatePlane Indiana East FIPS 1301 (US Feet)",2015-12-16T20:21:58.000Z,2018-04-16T16:48:17.714Z,http://data1-indygis.opendata.arcgis.com/datasets/32c08391d28b418a99a27954e0f2fe1f_7,http://xmaps.indy.gov/arcgis/rest/services/OpenData/OpenData_Transportation/MapServer/7,"-86.3277,39.6898,-86.0087,39.8445",http://data1-indygis.opendata.arcgis.com/datasets/32c08391d28b418a99a27954e0f2fe1f_7
http://data1-indygis.opendata.arcgis.com/datasets/71e9ab896aae4adc99f92b7c3a693de5_1,City County Council Districts,"Polygon file representing the City County District boundaries in Indianapolis and Marion County, Indiana.Data projection: NAD 1983 StatePlane Indiana East FIPS 1301 (US Feet)",2015-12-02T19:07:37.000Z,2018-03-09T14:12:31.000Z,http://data1-indygis.opendata.arcgis.com/datasets/71e9ab896aae4adc99f92b7c3a693de5_1,http://xmaps.indy.gov/arcgis/rest/services/OpenData/OpenData_Political/MapServer/1,"-86.3292,39.6322,-85.9362,39.9278",http://data1-indygis.opendata.arcgis.com/datasets/71e9ab896aae4adc99f92b7c3a693de5_1
http://data1-indygis.opendata.arcgis.com/datasets/0c299eefe5454f5b84f1d67a41c2f741_19,DMD Tax Abatement Projects,This information contains Tax Abatement project list as maintained by the City of Indianapolis Marion County's DMD.DMD encourages you to download this dataset to view the units of measure and project description. ,2018-01-22T18:15:14.000Z,2018-04-16T16:54:46.344Z,http://data1-indygis.opendata.arcgis.com/datasets/0c299eefe5454f5b84f1d67a41c2f741_19,http://xmaps.indy.gov/arcgis/rest/services/OpenData/OpenData_NonSpatial/MapServer/19,"-180.0,-90.0,180.0,90.0",http://data1-indygis.opendata.arcgis.com/datasets/0c299eefe5454f5b84f1d67a41c2f741_19
http://data1-indygis.opendata.arcgis.com/datasets/5fef516f08da46ffb59f61569b08cf10_0,IndyPoliceBeats,"Polygon file representing the police beat boundaries in Indianapolis and Marion County, Indiana.? Data projection: NAD 1983 StatePlane Indiana East FIPS 1301 (US Feet)",2018-03-19T16:47:30.000Z,2018-05-17T11:40:38.434Z,http://data1-indygis.opendata.arcgis.com/datasets/5fef516f08da46ffb59f61569b08cf10_0,https://services5.arcgis.com/xBsPUWYKO89lShIO/arcgis/rest/services/IndyPoliceBeats/FeatureServer/0,"-86.32915745118385,39.63217782625945,-85.93689821940872,39.92785118598905",http://data1-indygis.opendata.arcgis.com/datasets/5fef516f08da46ffb59f61569b08cf10_0
http://data1-indygis.opendata.arcgis.com/datasets/52aeb866b4574dfdb6ef6c7a7019144b,City of Indianapolis Capital Improvement Board Annual Financial Reports,City of Indianapolis Capital Improvement Board comprehensive annual financial reports from 2008 to present.,2016-04-27T15:03:03.000Z,2016-05-04T18:21:36.000Z,http://data1-indygis.opendata.arcgis.com/datasets/52aeb866b4574dfdb6ef6c7a7019144b,http://www.capitalimprovementboard.org/main/financial/,"-180.0,-90.0,180.0,90.0",http://data1-indygis.opendata.arcgis.com/datasets/52aeb866b4574dfdb6ef6c7a7019144b
http://data1-indygis.opendata.arcgis.com/datasets/69eb7bc538fe4a1eb3ca72700de61bf1,City of Indianapolis Capital Improvement Board Agreements,City of Indianapolis Capital Improvement Board agreements.,2016-04-27T15:21:47.000Z,2018-04-16T16:15:11.706Z,http://data1-indygis.opendata.arcgis.com/datasets/69eb7bc538fe4a1eb3ca72700de61bf1,http://www.capitalimprovementboard.org/main/agreements/,"-180.0,-90.0,180.0,90.0",http://data1-indygis.opendata.arcgis.com/datasets/69eb7bc538fe4a1eb3ca72700de61bf1
http://data1-indygis.opendata.arcgis.com/datasets/8d10cb86efd9493d8bc785d851e21598_0,Indianapolis Interstate Mileposts,"Point file representing the Interstate mile markers in Indianapolis and Marion County, Indiana.Data projection: NAD 1983 StatePlane Indiana East FIPS 1301 (US Feet)",2015-12-09T17:55:59.000Z,2018-03-09T17:51:05.000Z,http://data1-indygis.opendata.arcgis.com/datasets/8d10cb86efd9493d8bc785d851e21598_0,http://xmaps.indy.gov/arcgis/rest/services/OpenData/OpenData_Transportation/MapServer/0,"-86.3495,39.6091,-85.9135,39.9642",http://data1-indygis.opendata.arcgis.com/datasets/8d10cb86efd9493d8bc785d851e21598_0
http://data1-indygis.opendata.arcgis.com/datasets/e44ecb175230459badc103ddc7946684_17,Bridges,"Linear depiction of bridge locations in Indianapolis and Marion County, Indiana",2018-04-10T13:53:57.000Z,2018-04-16T16:55:16.544Z,http://data1-indygis.opendata.arcgis.com/datasets/e44ecb175230459badc103ddc7946684_17,http://xmaps.indy.gov/arcgis/rest/services/OpenData/OpenData_Transportation/MapServer/17,"1.2368,14.1689,2.3088,15.1761",http://data1-indygis.opendata.arcgis.com/datasets/e44ecb175230459badc103ddc7946684_17
http://data1-indygis.opendata.arcgis.com/datasets/2a16b63e380a4ae3b6aec319c19cda63,1979 86th Street Land Use,1979 86th Street Land Use,2016-04-28T16:43:18.000Z,2016-04-28T16:44:08.000Z,http://data1-indygis.opendata.arcgis.com/datasets/2a16b63e380a4ae3b6aec319c19cda63,http://www.indy.gov/eGov/City/DMD/Planning/Documents/1979-86thStreetLandUse.pdf,"-180.0,-90.0,180.0,90.0",http://data1-indygis.opendata.arcgis.com/datasets/2a16b63e380a4ae3b6aec319c19cda63
http://data1-indygis.opendata.arcgis.com/datasets/54324895c94648dda3f5c3de0158ac35,Ethics Ordinance,"In 2008, the City-County Council adopted Mayor Ballard's ethics reform proposal, which included sensible limits on gifts, honoraria, political activity, patronage, nepotism, the use of city-county property for non-business purposes and excess compensation for performing official duties. The Ethics Code also includes provisions to prevent conflicts of interests in voting and contracting. Perhaps most importantly, ?whistleblower? protection has been instituted so that employees who report suspected violations of the ethics code will not fear retribution.Key changes were also made to the Gift rule. The old $250 annual maximum allowance has been lowered to $25 per gift and an annual maximum of $100. Additionally, a broader scope of individuals are required to file an annual Economic Statements of Interest, and Economic Statements of Interest for all city and county elected officials are now required to be available online for public inspection. (See below).The ethics reform also requires that OCC train all new and existing appointees and employees on the new ethics code, the Open Door Law, and the Public Records Act.",2016-04-21T18:28:11.000Z,2016-05-04T18:23:46.000Z,http://data1-indygis.opendata.arcgis.com/datasets/54324895c94648dda3f5c3de0158ac35,http://www.indy.gov/eGov/City/OCC/Ethics/Documents/Ethics%20Ordinance.pdf,"-180.0,-90.0,180.0,90.0",http://data1-indygis.opendata.arcgis.com/datasets/54324895c94648dda3f5c3de0158ac35
http://data1-indygis.opendata.arcgis.com/datasets/86c10d9b58f44b7f876157e28e44fb62_13,IMPD UCR 2015 Data,"The
 Uniform Crime Report is a program administered by the federal 
government in which crime statistics from across the country are 
reported to the FBI in a uniform manner based on crime definitions 
determined by the FBI. UCR Part 1 crime groups are murder, rape, 
robbery, aggravated assault, burglary, larceny, and vehicle theft.? Additional information? regarding the downloadable files is available in .pdf format.",2016-10-05T19:22:41.000Z,2018-03-09T16:37:21.000Z,http://data1-indygis.opendata.arcgis.com/datasets/86c10d9b58f44b7f876157e28e44fb62_13,http://xmaps.indy.gov/arcgis/rest/services/OpenData/OpenData_NonSpatial/MapServer/13,"-180.0,-90.0,180.0,90.0",http://data1-indygis.opendata.arcgis.com/datasets/86c10d9b58f44b7f876157e28e44fb62_13
http://data1-indygis.opendata.arcgis.com/datasets/9d3f35c378c34d5bb58c1ad89a65e47e_13,Street Centerlines,"Line file representing street centerlines in Indianapolis and Marion County, Indiana including address ranges.Data projection: NAD 1983 StatePlane Indiana East FIPS 1301 (US Feet)",2016-01-14T16:39:00.000Z,2018-03-14T18:43:13.000Z,http://data1-indygis.opendata.arcgis.com/datasets/9d3f35c378c34d5bb58c1ad89a65e47e_13,http://xmaps.indy.gov/arcgis/rest/services/OpenData/OpenData_Transportation/MapServer/13,"-86.3553,39.6257,-85.932,39.9512",http://data1-indygis.opendata.arcgis.com/datasets/9d3f35c378c34d5bb58c1ad89a65e47e_13
http://data1-indygis.opendata.arcgis.com/datasets/d5b4734bed3f49f9b2109ca9a0401886_10,Indy Neighborhoods,"Originally conceived during the Peterson Administration from various data sources for the purposes of MyNeighborhood, this contiguous polygon file depicts general neighborhood boundaries in Indianapolis and Marion County, Indiana.? This dataset is separate from the Registered Community Organizations data set and application maintained by the Department of Metropolitan Development (DMD) in the City of Indianapolis.Data projection: NAD 1983 StatePlane Indiana East FIPS 1301 (US Feet)",2016-05-17T19:05:06.000Z,2018-03-14T17:49:48.000Z,http://data1-indygis.opendata.arcgis.com/datasets/d5b4734bed3f49f9b2109ca9a0401886_10,http://xmaps.indy.gov/arcgis/rest/services/OpenData/OpenData_Boundaries/MapServer/10,"-86.3291,39.6322,-85.9369,39.9278",http://data1-indygis.opendata.arcgis.com/datasets/d5b4734bed3f49f9b2109ca9a0401886_10
http://data1-indygis.opendata.arcgis.com/datasets/21980b5286b94cd797f0dbe799b86dda_4,Registered Community Organizations,"Indianapolis maintains a database of all community organizations that have been registered with the Department of Metropolitan Development. The purpose of registering an organization with the Department of Metropolitan 
Development is to receive notification of public hearings regarding re-zonings, 
variances, special exceptions, approvals, administrative appeals, plat 
approvals/vacations, street and alley vacations, and liquor licensing 
activities. Information provided by organizations that voluntarily register is 
shared with any interested party(ies), including other public and private 
agencies, organizations and individuals.Data projection: NAD 1983 StatePlane Indiana East FIPS 1301 (US Feet)",2015-08-11T12:30:16.000Z,2018-03-14T18:00:57.000Z,http://data1-indygis.opendata.arcgis.com/datasets/21980b5286b94cd797f0dbe799b86dda_4,http://xmaps.indy.gov/arcgis/rest/services/OpenData/OpenData_Boundaries/MapServer/4,"-86.3768,39.6319,-85.9277,39.929",http://data1-indygis.opendata.arcgis.com/datasets/21980b5286b94cd797f0dbe799b86dda_4
http://data1-indygis.opendata.arcgis.com/datasets/40118560b21243e1ad0ed011349a26c5_1,Marion County Lakes,"Polygon file representing the location of lakes in Marion County, Indiana.Data projection: NAD 1983 StatePlane Indiana East FIPS 1301 (US Feet)",2017-10-19T17:42:40.000Z,2018-04-16T16:42:43.286Z,http://data1-indygis.opendata.arcgis.com/datasets/40118560b21243e1ad0ed011349a26c5_1,http://xmaps.indy.gov/arcgis/rest/services/OpenData/OpenData_Hydro/MapServer/1,"-86.3465,39.6224,-85.9172,39.9415",http://data1-indygis.opendata.arcgis.com/datasets/40118560b21243e1ad0ed011349a26c5_1
http://data1-indygis.opendata.arcgis.com/datasets/186161c1605f46f99b5beb041104292a_0,Indianapolis Canal,"Polygon file representing the location of the canal in Indianapolis, Indiana.Data projection: NAD 1983 StatePlane Indiana East FIPS 1301 (US Feet)",2015-08-12T19:58:26.000Z,2018-03-09T16:41:08.000Z,http://data1-indygis.opendata.arcgis.com/datasets/186161c1605f46f99b5beb041104292a_0,http://xmaps.indy.gov/arcgis/rest/services/OpenData/OpenData_Hydro/MapServer/0,"-86.1736,39.7674,-86.1646,39.7818",http://data1-indygis.opendata.arcgis.com/datasets/186161c1605f46f99b5beb041104292a_0
http://data1-indygis.opendata.arcgis.com/datasets/6029731768884e1abcaae6b7e564a3a6_9,Zoning,"Polygon file representing the zoning boundaries in Indianapolis and Marion County, Indiana.? Works in conjunction with the rezoning layer.City of Indianapolis Zoning WebsiteData projection: NAD 1983 StatePlane Indiana East FIPS 1301 (US Feet)",2015-12-01T20:26:18.000Z,2018-03-14T18:50:00.000Z,http://data1-indygis.opendata.arcgis.com/datasets/6029731768884e1abcaae6b7e564a3a6_9,http://xmaps.indy.gov/arcgis/rest/services/OpenData/OpenData_PlanningZoning/MapServer/9,"-86.3291,39.6322,-85.9369,39.9278",http://data1-indygis.opendata.arcgis.com/datasets/6029731768884e1abcaae6b7e564a3a6_9
http://data1-indygis.opendata.arcgis.com/datasets/bea1584396464dd59c076f4e64e08dc2_19,Parking,"Polygon file depicting parking areas in Indianapolis and Marion County, Indiana",2018-04-12T18:48:57.000Z,2018-04-16T16:54:16.223Z,http://data1-indygis.opendata.arcgis.com/datasets/bea1584396464dd59c076f4e64e08dc2_19,http://xmaps.indy.gov/arcgis/rest/services/OpenData/OpenData_Transportation/MapServer/19,"1.2336,14.1663,2.3132,15.1766",http://data1-indygis.opendata.arcgis.com/datasets/bea1584396464dd59c076f4e64e08dc2_19
http://data1-indygis.opendata.arcgis.com/datasets/93bfc2b040e941e8ad4c41e871d6a892_7,Wards,"Polygon file representing the voting ward boundaries in Indianapolis and Marion County, Indiana.Data projection: NAD 1983 StatePlane Indiana East FIPS 1301 (US Feet)",2015-12-03T14:24:10.000Z,2018-03-14T18:47:49.000Z,http://data1-indygis.opendata.arcgis.com/datasets/93bfc2b040e941e8ad4c41e871d6a892_7,http://xmaps.indy.gov/arcgis/rest/services/OpenData/OpenData_Political/MapServer/7,"-86.3291,39.6322,-85.9363,39.9278",http://data1-indygis.opendata.arcgis.com/datasets/93bfc2b040e941e8ad4c41e871d6a892_7
http://data1-indygis.opendata.arcgis.com/datasets/09bd6cebf6ce4c84883d7ae214202635,2004 Reclaiming Abandoned Property Report,2004 Reclaiming Abandoned Property Report,2016-04-29T12:48:40.000Z,2016-04-29T12:49:21.000Z,http://data1-indygis.opendata.arcgis.com/datasets/09bd6cebf6ce4c84883d7ae214202635,http://www.indy.gov/eGov/City/DMD/Planning/Documents/2004-ReclaimingAbandonedProperty.pdf,"-180.0,-90.0,180.0,90.0",http://data1-indygis.opendata.arcgis.com/datasets/09bd6cebf6ce4c84883d7ae214202635
http://data1-indygis.opendata.arcgis.com/datasets/fa71cb017b4d490585b8f2fb62ec9463_2,Precincts,"Polygon file representing the precinct boundaries in Indianapolis and Marion County, Indiana.Data projection: NAD 1983 StatePlane Indiana East FIPS 1301 (US Feet)",2015-12-02T19:22:39.000Z,2018-03-14T17:58:15.000Z,http://data1-indygis.opendata.arcgis.com/datasets/fa71cb017b4d490585b8f2fb62ec9463_2,http://xmaps.indy.gov/arcgis/rest/services/OpenData/OpenData_Political/MapServer/2,"-86.3291,39.6322,-85.9363,39.9278",http://data1-indygis.opendata.arcgis.com/datasets/fa71cb017b4d490585b8f2fb62ec9463_2
http://data1-indygis.opendata.arcgis.com/datasets/9fe91a55d33149d5a7bf75ef81bf3aad_11,IMPD UCR 2013 Data,"The
 Uniform Crime Report is a program administered by the federal 
government in which crime statistics from across the country are 
reported to the FBI in a uniform manner based on crime definitions 
determined by the FBI. UCR Part 1 crime groups are murder, rape, 
robbery, aggravated assault, burglary, larceny, and vehicle theft.? Additional information? regarding the downloadable files is available in .pdf format.",2016-04-26T17:51:49.000Z,2018-03-09T14:33:25.000Z,http://data1-indygis.opendata.arcgis.com/datasets/9fe91a55d33149d5a7bf75ef81bf3aad_11,http://xmaps.indy.gov/arcgis/rest/services/OpenData/OpenData_NonSpatial/MapServer/11,"-86.331,39.629,-85.943,39.933",http://data1-indygis.opendata.arcgis.com/datasets/9fe91a55d33149d5a7bf75ef81bf3aad_11
http://data1-indygis.opendata.arcgis.com/datasets/b77c9a7dc39f4b118b53d4c3e7e67b04,City of Indianapolis Audit Reports,City of Indianapolis Audit Report PDF files.,2016-04-25T18:05:30.000Z,2016-05-04T18:20:12.000Z,http://data1-indygis.opendata.arcgis.com/datasets/b77c9a7dc39f4b118b53d4c3e7e67b04,http://www.indy.gov/egov/city/oap/pages/auditreports.aspx,"-180.0,-90.0,180.0,90.0",http://data1-indygis.opendata.arcgis.com/datasets/b77c9a7dc39f4b118b53d4c3e7e67b04
http://data1-indygis.opendata.arcgis.com/datasets/8c7b0c217ba0406f9c8e269c40b50632_5,Buildings with Addresses,"Polygon file depicting building footprints for buildings that have an address (i.e. no outbuildings) in Indianapolis and Marion County, Indiana along with the associated address attribute information.? Data projection: NAD 1983 StatePlane Indiana East FIPS 1301 (US Feet)",2016-03-23T16:47:08.000Z,2018-04-13T20:15:28.000Z,http://data1-indygis.opendata.arcgis.com/datasets/8c7b0c217ba0406f9c8e269c40b50632_5,http://xmaps.indy.gov/arcgis/rest/services/OpenData/OpenData_Boundaries/MapServer/5,"-86.3316,39.6324,-85.9366,39.9351",http://data1-indygis.opendata.arcgis.com/datasets/8c7b0c217ba0406f9c8e269c40b50632_5
http://data1-indygis.opendata.arcgis.com/datasets/1763c9d2bbfd40e7a9428c9503a503ab,2003 Vacant Housing Inventory,2003 Vacant Housing Initiative,2016-04-29T13:51:39.000Z,2018-04-16T16:15:09.856Z,http://data1-indygis.opendata.arcgis.com/datasets/1763c9d2bbfd40e7a9428c9503a503ab,http://www.indy.gov/eGov/City/DMD/Planning/Documents/2003-VacantHousingInventory.pdf,"-180.0,-90.0,180.0,90.0",http://data1-indygis.opendata.arcgis.com/datasets/1763c9d2bbfd40e7a9428c9503a503ab
http://data1-indygis.opendata.arcgis.com/datasets/3698f923654e4fedacdc96d557517f16,2002 Freight Plan Airport Study,2002 Freight Plan Airport Study,2016-04-28T18:00:53.000Z,2016-05-04T18:02:58.000Z,http://data1-indygis.opendata.arcgis.com/datasets/3698f923654e4fedacdc96d557517f16,http://www.indy.gov/eGov/City/DMD/Planning/Documents/2002-FreightPlanAirportStudy.pdf,"-180.0,-90.0,180.0,90.0",http://data1-indygis.opendata.arcgis.com/datasets/3698f923654e4fedacdc96d557517f16
http://data1-indygis.opendata.arcgis.com/datasets/dfbfc20fcf6d458b8b8609c669be3b9c_8,Railroads,"Line file representing railroad lines in Indianapolis and Marion County, Indiana.Data projection: NAD 1983 StatePlane Indiana East FIPS 1301 (US Feet)",2015-12-15T19:47:15.000Z,2018-04-16T16:48:44.325Z,http://data1-indygis.opendata.arcgis.com/datasets/dfbfc20fcf6d458b8b8609c669be3b9c_8,http://xmaps.indy.gov/arcgis/rest/services/OpenData/OpenData_Transportation/MapServer/8,"-86.3464,39.6228,-85.9172,39.9415",http://data1-indygis.opendata.arcgis.com/datasets/dfbfc20fcf6d458b8b8609c669be3b9c_8
http://data1-indygis.opendata.arcgis.com/datasets/264a1fa2600c49539cb9573649688585_9,IMPD UCR 2011 Data,"The
 Uniform Crime Report is a program administered by the federal 
government in which crime statistics from across the country are 
reported to the FBI in a uniform manner based on crime definitions 
determined by the FBI. UCR Part 1 crime groups are murder, rape, 
robbery, aggravated assault, burglary, larceny, and vehicle theft.? Additional information? regarding the downloadable files is available in .pdf format.",2016-04-26T17:03:51.000Z,2018-03-09T14:31:59.000Z,http://data1-indygis.opendata.arcgis.com/datasets/264a1fa2600c49539cb9573649688585_9,http://xmaps.indy.gov/arcgis/rest/services/OpenData/OpenData_NonSpatial/MapServer/9,"-86.333,39.625,-85.941,39.927",http://data1-indygis.opendata.arcgis.com/datasets/264a1fa2600c49539cb9573649688585_9
http://data1-indygis.opendata.arcgis.com/datasets/922ada43e0f046a1a2e0d252c0cb4945_4,IndyGo Bus Stops,"Point file depicting IndyGo Bus stop locations in Indianapolis, Indiana.Further information can be found on the IndyGo website.",2015-12-16T18:20:32.000Z,2018-03-09T19:14:34.000Z,http://data1-indygis.opendata.arcgis.com/datasets/922ada43e0f046a1a2e0d252c0cb4945_4,http://xmaps.indy.gov/arcgis/rest/services/OpenData/OpenData_Transportation/MapServer/4,"-86.3284,39.6011,-85.9615,39.9328",http://data1-indygis.opendata.arcgis.com/datasets/922ada43e0f046a1a2e0d252c0cb4945_4
http://data1-indygis.opendata.arcgis.com/datasets/9998b231f6104cf8bf83f441beacc233_1,DPW Sidewalk Ratings,"Point file representing sidewalk ratings in Indianapolis and Marion County, Indiana.Data projection: NAD 1983 StatePlane Indiana East FIPS 1301 (US Feet)",2016-06-02T20:40:56.000Z,2018-03-09T14:16:51.000Z,http://data1-indygis.opendata.arcgis.com/datasets/9998b231f6104cf8bf83f441beacc233_1,http://xmaps.indy.gov/arcgis/rest/services/OpenData/OpenData_Infrastructure/MapServer/1,"-86.3291,39.6259,-85.9369,39.9278",http://data1-indygis.opendata.arcgis.com/datasets/9998b231f6104cf8bf83f441beacc233_1
http://data1-indygis.opendata.arcgis.com/datasets/cd625852e4b74ac0851a82373f25b0c1,City of Indianapolis Capital Improvement Board Budget,City of Indianapolis Capital Improvement Board budgets from 2009 to the present.,2016-04-27T14:59:53.000Z,2016-05-04T18:22:02.000Z,http://data1-indygis.opendata.arcgis.com/datasets/cd625852e4b74ac0851a82373f25b0c1,http://www.capitalimprovementboard.org/main/budget/,"-180.0,-90.0,180.0,90.0",http://data1-indygis.opendata.arcgis.com/datasets/cd625852e4b74ac0851a82373f25b0c1
http://data1-indygis.opendata.arcgis.com/datasets/69d8baa7a93d473ba3ccaf025daa5fa1,1984 Adult Bookstore Property Values Summary,1984 real estate appraiser survey on adult bookstore impact on property values,2016-04-28T17:15:24.000Z,2016-05-04T17:59:47.000Z,http://data1-indygis.opendata.arcgis.com/datasets/69d8baa7a93d473ba3ccaf025daa5fa1,http://www.indy.gov/eGov/City/DMD/Planning/Documents/1984-AdultBookstorePropertyValues.pdf,"-180.0,-90.0,180.0,90.0",http://data1-indygis.opendata.arcgis.com/datasets/69d8baa7a93d473ba3ccaf025daa5fa1
http://data1-indygis.opendata.arcgis.com/datasets/75f6558b7a074edb8fa5fa9b0d1fc867_8,Township Boundaries,"Polygon file representing the nine township boundaries in Marion County, Indiana.Data projection: NAD 1983 StatePlane Indiana East FIPS 1301 (US Feet)",2015-12-18T18:45:56.000Z,2018-03-14T18:45:58.000Z,http://data1-indygis.opendata.arcgis.com/datasets/75f6558b7a074edb8fa5fa9b0d1fc867_8,http://xmaps.indy.gov/arcgis/rest/services/OpenData/OpenData_Boundaries/MapServer/8,"-86.3291,39.6322,-85.9369,39.9278",http://data1-indygis.opendata.arcgis.com/datasets/75f6558b7a074edb8fa5fa9b0d1fc867_8
http://data1-indygis.opendata.arcgis.com/datasets/54e46626c4df42d7974fbfdc4de30711,Indianapolis Solid Waste Hauler Districts,Indianapolis Solid Waste Hauler Districts,2016-05-02T12:57:47.000Z,2016-05-02T12:59:41.000Z,http://data1-indygis.opendata.arcgis.com/datasets/54e46626c4df42d7974fbfdc4de30711,http://www.indy.gov/eGov/City/DPW/SustainIndy/Documents/Hauler_Map_Final3.pdf,"-180.0,-90.0,180.0,90.0",http://data1-indygis.opendata.arcgis.com/datasets/54e46626c4df42d7974fbfdc4de30711
http://data1-indygis.opendata.arcgis.com/datasets/0b0bcfe51bfd4034b0de6777ba1cdfba_10,Zoning Compact Context Area,"A polygon file representing the Compact or Metro context areas in Indianapolis and Marion County, Indiana used for zoning development standards.Data projection: NAD 1983 StatePlane Indiana East FIPS 1301 (US Feet)",2016-05-23T19:20:37.000Z,2018-03-14T16:30:23.000Z,http://data1-indygis.opendata.arcgis.com/datasets/0b0bcfe51bfd4034b0de6777ba1cdfba_10,http://xmaps.indy.gov/arcgis/rest/services/OpenData/OpenData_PlanningZoning/MapServer/10,"-86.3291,39.6322,-85.9369,39.9278",http://data1-indygis.opendata.arcgis.com/datasets/0b0bcfe51bfd4034b0de6777ba1cdfba_10
http://data1-indygis.opendata.arcgis.com/datasets/cf0a57416786457d9d61b853f8ce2d1f_2,Indianapolis School Corporations,"Polygon file representing the school corporation boundaries in Indianapolis and Marion County, Indiana.Data projection: NAD 1983 StatePlane Indiana East FIPS 1301 (US Feet)",2015-08-06T18:20:23.000Z,2018-03-09T19:12:32.000Z,http://data1-indygis.opendata.arcgis.com/datasets/cf0a57416786457d9d61b853f8ce2d1f_2,http://xmaps.indy.gov/arcgis/rest/services/OpenData/OpenData_Boundaries/MapServer/2,"-86.3291,39.6322,-85.9369,39.9278",http://data1-indygis.opendata.arcgis.com/datasets/cf0a57416786457d9d61b853f8ce2d1f_2
http://data1-indygis.opendata.arcgis.com/datasets/e4fab86f0385459cb33e3529260657b9_6,Township Board Districts,"Polygon file representing the Township Board district boundaries in Indianapolis Marion County, Indiana.Data projection: NAD 1983 StatePlane Indiana East FIPS 1301 (US Feet)",2015-12-02T20:13:35.000Z,2018-03-14T18:45:17.000Z,http://data1-indygis.opendata.arcgis.com/datasets/e4fab86f0385459cb33e3529260657b9_6,http://xmaps.indy.gov/arcgis/rest/services/OpenData/OpenData_Political/MapServer/6,"-86.3291,39.6322,-85.937,39.9278",http://data1-indygis.opendata.arcgis.com/datasets/e4fab86f0385459cb33e3529260657b9_6
http://data1-indygis.opendata.arcgis.com/datasets/e60ff737e318424c9249fad3ed48558d_5,Flood Plain,"Polygon file displaying the flood plains within Indianapolis and Marion County, Indiana.Data projection: NAD 1983 StatePlane Indiana East FIPS 1301 (US Feet)",2015-11-30T20:11:57.000Z,2018-03-09T14:22:46.934Z,http://data1-indygis.opendata.arcgis.com/datasets/e60ff737e318424c9249fad3ed48558d_5,http://xmaps.indy.gov/arcgis/rest/services/OpenData/OpenData_PlanningZoning/MapServer/5,"-86.3291,39.6322,-85.9369,39.9278",http://data1-indygis.opendata.arcgis.com/datasets/e60ff737e318424c9249fad3ed48558d_5
http://data1-indygis.opendata.arcgis.com/datasets/dab5051ee2e243e3a4a7a6fc9033325d_2,2010 Census Tracts,"Polygon file representing the 2010 Census Tract boundaries in Marion County, IndianaData projection: NAD 1983 StatePlane Indiana East FIPS 1301 (US Feet)",2015-11-24T19:24:11.000Z,2018-03-09T13:48:59.419Z,http://data1-indygis.opendata.arcgis.com/datasets/dab5051ee2e243e3a4a7a6fc9033325d_2,http://xmaps.indy.gov/arcgis/rest/services/OpenData/OpenData_PlanningZoning/MapServer/2,"-86.3291,39.6322,-85.9363,39.9278",http://data1-indygis.opendata.arcgis.com/datasets/dab5051ee2e243e3a4a7a6fc9033325d_2
http://data1-indygis.opendata.arcgis.com/datasets/3ed5b0ce6e344a8ba4565bf792b4c351_14,IMPD COMPLAINTS,Complaints against Indianapolis Metropolitan Police Department (IMPD) officers in Indianapolis and Marion County .?,2016-11-14T19:54:13.000Z,2018-03-09T14:24:07.000Z,http://data1-indygis.opendata.arcgis.com/datasets/3ed5b0ce6e344a8ba4565bf792b4c351_14,http://xmaps.indy.gov/arcgis/rest/services/OpenData/OpenData_NonSpatial/MapServer/14,"-180.0,-90.0,180.0,90.0",http://data1-indygis.opendata.arcgis.com/datasets/3ed5b0ce6e344a8ba4565bf792b4c351_14
http://data1-indygis.opendata.arcgis.com/datasets/b59421675f2a40fda9b00beeb875996f_11,Indianapolis Police Zones,"Polygon file representing police zone boundaries in Indianapolis and Marion County, Indiana.Data projection: NAD 1983 StatePlane Indiana East FIPS 1301 (US Feet)",2016-06-03T14:00:22.000Z,2018-03-14T17:40:25.000Z,http://data1-indygis.opendata.arcgis.com/datasets/b59421675f2a40fda9b00beeb875996f_11,http://xmaps.indy.gov/arcgis/rest/services/OpenData/OpenData_Boundaries/MapServer/11,"-86.3292,39.6322,-85.9369,39.9278",http://data1-indygis.opendata.arcgis.com/datasets/b59421675f2a40fda9b00beeb875996f_11
http://data1-indygis.opendata.arcgis.com/datasets/932149964cdf4f42b72bf63768d9b7dc_3,State House Districts,"Polygon file representing the Indiana State House district boundaries in Indianapolis and Marion County, Indiana.Data projection: NAD 1983 StatePlane Indiana East FIPS 1301 (US Feet)",2015-12-02T19:27:26.000Z,2018-03-14T18:06:10.000Z,http://data1-indygis.opendata.arcgis.com/datasets/932149964cdf4f42b72bf63768d9b7dc_3,http://xmaps.indy.gov/arcgis/rest/services/OpenData/OpenData_Political/MapServer/3,"-86.3291,39.6322,-85.937,39.9278",http://data1-indygis.opendata.arcgis.com/datasets/932149964cdf4f42b72bf63768d9b7dc_3
http://data1-indygis.opendata.arcgis.com/datasets/58e9b5db97544db3b8aba46cfca64435_18,Pavement,"Line file depicting edge of pavement in Indianapolis and Marion County, Indiana",2018-04-12T18:57:13.000Z,2018-04-16T16:55:46.796Z,http://data1-indygis.opendata.arcgis.com/datasets/58e9b5db97544db3b8aba46cfca64435_18,http://xmaps.indy.gov/arcgis/rest/services/OpenData/OpenData_Transportation/MapServer/18,"1.2344,14.1703,2.3132,15.1764",http://data1-indygis.opendata.arcgis.com/datasets/58e9b5db97544db3b8aba46cfca64435_18
http://data1-indygis.opendata.arcgis.com/datasets/afd176a2272e4e7fa2ef058c10c2d8f7_12,Building Footprints,"Polygon file depicting building footprints for all buildings over 100 square feet (includes non-addressed building such as outbuildings) in Indianapolis and Marion County, Indiana along with the associated address attribute information.? Data projection: NAD 1983 StatePlane Indiana East FIPS 1301 (US Feet)",2018-04-13T17:12:29.000Z,2018-04-13T19:54:58.000Z,http://data1-indygis.opendata.arcgis.com/datasets/afd176a2272e4e7fa2ef058c10c2d8f7_12,http://xmaps.indy.gov/arcgis/rest/services/OpenData/OpenData_Boundaries/MapServer/12,"1.2337,14.1675,2.3132,15.1766",http://data1-indygis.opendata.arcgis.com/datasets/afd176a2272e4e7fa2ef058c10c2d8f7_12
http://data1-indygis.opendata.arcgis.com/datasets/d6a2d86435be4fca9c441e31b6c08a0b_10,IMPD UCR 2012 Data,"The
 Uniform Crime Report is a program administered by the federal 
government in which crime statistics from across the country are 
reported to the FBI in a uniform manner based on crime definitions 
determined by the FBI. UCR Part 1 crime groups are murder, rape, 
robbery, aggravated assault, burglary, larceny, and vehicle theft.? Additional information? regarding the downloadable files is available in .pdf format.",2016-04-26T17:37:29.000Z,2018-03-09T14:32:42.000Z,http://data1-indygis.opendata.arcgis.com/datasets/d6a2d86435be4fca9c441e31b6c08a0b_10,http://xmaps.indy.gov/arcgis/rest/services/OpenData/OpenData_NonSpatial/MapServer/10,"-86.333,39.629,-85.954,39.929",http://data1-indygis.opendata.arcgis.com/datasets/d6a2d86435be4fca9c441e31b6c08a0b_10
http://data1-indygis.opendata.arcgis.com/datasets/9b77df2870204552b56f7440c1c4ebe8_3,Marion County Streams,Line file containing Marion County Indiana stream locations and names.Data projection: NAD 1983 StatePlane Indiana East FIPS 1301 (US Feet),2017-10-19T16:50:03.000Z,2018-04-16T16:52:45.916Z,http://data1-indygis.opendata.arcgis.com/datasets/9b77df2870204552b56f7440c1c4ebe8_3,http://xmaps.indy.gov/arcgis/rest/services/OpenData/OpenData_Hydro/MapServer/3,"-86.3469,39.6212,-85.9172,39.9417",http://data1-indygis.opendata.arcgis.com/datasets/9b77df2870204552b56f7440c1c4ebe8_3
http://data1-indygis.opendata.arcgis.com/datasets/06bdfb77642545af9dbe6cf592602b78_4,Marion County Watersheds,"Polygon file depicting watershed boundaries within Marion County, Indiana.Data projection: NAD 1983 StatePlane Indiana East FIPS 1301 (US Feet)",2015-11-20T19:39:04.000Z,2018-03-09T19:20:26.000Z,http://data1-indygis.opendata.arcgis.com/datasets/06bdfb77642545af9dbe6cf592602b78_4,http://xmaps.indy.gov/arcgis/rest/services/OpenData/OpenData_Hydro/MapServer/4,"-86.3291,39.6322,-85.9369,39.9278",http://data1-indygis.opendata.arcgis.com/datasets/06bdfb77642545af9dbe6cf592602b78_4
http://data1-indygis.opendata.arcgis.com/datasets/f9b3e33eff2249d48bf3da16fe7ac973_4,State Senate Districts,"Polygon file representing the Indiana State Senate boundaries within Indianapolis and Marion County, Indiana.Data projection: NAD 1983 StatePlane Indiana East FIPS 1301 (US Feet)",2015-12-02T19:35:31.000Z,2018-03-14T18:42:22.000Z,http://data1-indygis.opendata.arcgis.com/datasets/f9b3e33eff2249d48bf3da16fe7ac973_4,http://xmaps.indy.gov/arcgis/rest/services/OpenData/OpenData_Political/MapServer/4,"-86.3291,39.6322,-85.937,39.9278",http://data1-indygis.opendata.arcgis.com/datasets/f9b3e33eff2249d48bf3da16fe7ac973_4
http://data1-indygis.opendata.arcgis.com/datasets/7b4d20f06cfb4e4388e9ddcf87e07b6f_5,DMDLandUse Overlays v2,"

DMD Landuse Base Uses, for use with
the DMD Landuse feedback application. ",2018-07-11T05:20:34.000Z,2018-07-11T05:24:14.369Z,http://data1-indygis.opendata.arcgis.com/datasets/7b4d20f06cfb4e4388e9ddcf87e07b6f_5,http://xmaps.indy.gov/arcgis/rest/services/OpenData/OpenData_DMDLandUseFeedback/MapServer/5,"-86.3289,39.6518,-85.9521,39.9272",http://data1-indygis.opendata.arcgis.com/datasets/7b4d20f06cfb4e4388e9ddcf87e07b6f_5
http://data1-indygis.opendata.arcgis.com/datasets/ed17f19c72a14f82a5684e58719e87c3_4,DMDLandUse ES v2,"

DMD Landuse Base Uses, for use with
the DMD Landuse feedback application. ",2018-07-11T05:16:49.000Z,2018-07-11T05:24:29.788Z,http://data1-indygis.opendata.arcgis.com/datasets/ed17f19c72a14f82a5684e58719e87c3_4,http://xmaps.indy.gov/arcgis/rest/services/OpenData/OpenData_DMDLandUseFeedback/MapServer/4,"-86.329,39.6323,-85.9369,39.9278",http://data1-indygis.opendata.arcgis.com/datasets/ed17f19c72a14f82a5684e58719e87c3_4
http://data1-indygis.opendata.arcgis.com/datasets/2898ef3b78f144b8a624d38e7d8b1839_6,Airfields,"Polygon file representing the locations of airfields in Indianapolis and Marion County, Indiana.Data projection: NAD 1983 StatePlane Indiana East FIPS 1301 (US Feet)",2015-12-16T18:41:30.000Z,2018-04-16T16:46:15.491Z,http://data1-indygis.opendata.arcgis.com/datasets/2898ef3b78f144b8a624d38e7d8b1839_6,http://xmaps.indy.gov/arcgis/rest/services/OpenData/OpenData_Transportation/MapServer/6,"-86.3264,39.6229,-86.0083,39.9401",http://data1-indygis.opendata.arcgis.com/datasets/2898ef3b78f144b8a624d38e7d8b1839_6
http://data1-indygis.opendata.arcgis.com/datasets/33dfc90039ec4f57bb16ff3167fba343_17,IMPD UCR Current Year,"NOTE: If the data set is empty, the data is not processed and published, yet. Please see UCR data from previous years. The Uniform Crime 
Report is a program administered by the federal government in which 
crime statistics from across the country are reported to the FBI in a 
uniform manner based on crime definitions determined by the FBI. UCR 
Part 1 crime groups are murder, rape, robbery, aggravated assault, 
burglary, larceny, and vehicle theft.? Additional information? regarding the downloadable files is available in .pdf format.",2016-11-14T20:16:31.000Z,2018-03-09T16:38:44.000Z,http://data1-indygis.opendata.arcgis.com/datasets/33dfc90039ec4f57bb16ff3167fba343_17,http://xmaps.indy.gov/arcgis/rest/services/OpenData/OpenData_NonSpatial/MapServer/17,"-180.0,-90.0,180.0,90.0",http://data1-indygis.opendata.arcgis.com/datasets/33dfc90039ec4f57bb16ff3167fba343_17
http://data1-indygis.opendata.arcgis.com/datasets/cb2b4873bfe34a4a9e22cfb993cdd2b9_0,Community Development Block Grant Areas,"Polygon file depicting Community Development Block Grant areas in Indianapolis and Marion County, Indiana.Data projection: NAD 1983 StatePlane Indiana East FIPS 1301 (US Feet)",2015-11-24T15:24:59.000Z,2018-03-09T14:13:48.372Z,http://data1-indygis.opendata.arcgis.com/datasets/cb2b4873bfe34a4a9e22cfb993cdd2b9_0,http://xmaps.indy.gov/arcgis/rest/services/OpenData/OpenData_PlanningZoning/MapServer/0,"-86.2709,39.7077,-85.9526,39.8482",http://data1-indygis.opendata.arcgis.com/datasets/cb2b4873bfe34a4a9e22cfb993cdd2b9_0
http://data1-indygis.opendata.arcgis.com/datasets/9c096fd62b8a4c7f8335556740c8ba23_2,Bike Share Stations,"Point file representing the locations of bike share stations in Indianapolis, Indiana.More information can be found here.Data projection: NAD 1983 StatePlane Indiana East FIPS 1301 (US Feet)",2015-12-15T19:59:31.000Z,2018-03-09T13:57:02.000Z,http://data1-indygis.opendata.arcgis.com/datasets/9c096fd62b8a4c7f8335556740c8ba23_2,http://xmaps.indy.gov/arcgis/rest/services/OpenData/OpenData_Transportation/MapServer/2,"-86.1755,39.7523,-86.14,39.7819",http://data1-indygis.opendata.arcgis.com/datasets/9c096fd62b8a4c7f8335556740c8ba23_2
http://data1-indygis.opendata.arcgis.com/datasets/106d14dad4864c4ea3a7bc80b7f73e3f_0,Indianapolis Parks,"Polygon file representing park locations in Indianapolis and Marion County, Indiana.Data projection: NAD 1983 StatePlane Indiana East FIPS 1301 (US Feet)",2017-10-18T14:58:11.000Z,2018-03-09T17:51:51.000Z,http://data1-indygis.opendata.arcgis.com/datasets/106d14dad4864c4ea3a7bc80b7f73e3f_0,http://xmaps.indy.gov/arcgis/rest/services/OpenData/OpenData_Recreation/MapServer/0,"-86.3285,39.6335,-85.9474,39.9276",http://data1-indygis.opendata.arcgis.com/datasets/106d14dad4864c4ea3a7bc80b7f73e3f_0
http://data1-indygis.opendata.arcgis.com/datasets/3dcecd5e2a7249fc87a8a66d35a9109a,2000 Marion County Growth Report,2000 Marion County Growth Report,2016-04-28T18:06:14.000Z,2018-04-16T16:15:11.613Z,http://data1-indygis.opendata.arcgis.com/datasets/3dcecd5e2a7249fc87a8a66d35a9109a,http://www.indy.gov/eGov/City/DMD/Planning/Documents/2000-MarionCountyGrowth.pdf,"-180.0,-90.0,180.0,90.0",http://data1-indygis.opendata.arcgis.com/datasets/3dcecd5e2a7249fc87a8a66d35a9109a
http://data1-indygis.opendata.arcgis.com/datasets/57f7484d8d324992acc9197f03cf1fd8,1993 Infill Housing Guidelines,1993 Infill Housing Guidelines,2016-04-28T18:04:06.000Z,2016-04-28T18:04:46.000Z,http://data1-indygis.opendata.arcgis.com/datasets/57f7484d8d324992acc9197f03cf1fd8,http://www.indy.gov/eGov/City/DMD/Planning/Documents/1993-InfillHousingGuidelines.pdf,"-180.0,-90.0,180.0,90.0",http://data1-indygis.opendata.arcgis.com/datasets/57f7484d8d324992acc9197f03cf1fd8
http://data1-indygis.opendata.arcgis.com/datasets/1abba899445e4a73876b9d6bb231ff22,IRZ FINAL Footnoted w Sign Amendments,Indy Rezone Footnoted with Sign Amendments,2016-04-27T16:02:34.000Z,2016-04-28T13:10:07.000Z,http://data1-indygis.opendata.arcgis.com/datasets/1abba899445e4a73876b9d6bb231ff22,http://www.indy.gov/eGov/City/DMD/Planning/Documents/IRZ FINAL Footnoted w Sign Amendments.pdf,"-180.0,-90.0,180.0,90.0",http://data1-indygis.opendata.arcgis.com/datasets/1abba899445e4a73876b9d6bb231ff22
http://data1-indygis.opendata.arcgis.com/datasets/c6fe0143dcb14770a2aee87a65d54173_6,IMPD UCR 2008 Data,"The
 Uniform Crime Report is a program administered by the federal 
government in which crime statistics from across the country are 
reported to the FBI in a uniform manner based on crime definitions 
determined by the FBI. UCR Part 1 crime groups are murder, rape, 
robbery, aggravated assault, burglary, larceny, and vehicle theft.? Additional information? regarding the downloadable files is available in .pdf format.",2016-04-26T15:50:18.000Z,2018-03-09T14:29:52.000Z,http://data1-indygis.opendata.arcgis.com/datasets/c6fe0143dcb14770a2aee87a65d54173_6,http://xmaps.indy.gov/arcgis/rest/services/OpenData/OpenData_NonSpatial/MapServer/6,"-86.347,39.626,-85.943,39.937",http://data1-indygis.opendata.arcgis.com/datasets/c6fe0143dcb14770a2aee87a65d54173_6
http://data1-indygis.opendata.arcgis.com/datasets/458cf4b7d44543d2a3bee3bd92914af9_3,Parcels,"Polygon file representing parcel boundaries in Indianapolis and Marion County, Indiana with address attributes.Data projection: NAD 1983 StatePlane Indiana East FIPS 1301 (US Feet)",2016-01-14T16:35:01.000Z,2018-03-14T17:56:57.000Z,http://data1-indygis.opendata.arcgis.com/datasets/458cf4b7d44543d2a3bee3bd92914af9_3,http://xmaps.indy.gov/arcgis/rest/services/OpenData/OpenData_Boundaries/MapServer/3,"-86.3291,39.6322,-85.9369,39.9278",http://data1-indygis.opendata.arcgis.com/datasets/458cf4b7d44543d2a3bee3bd92914af9_3
http://data1-indygis.opendata.arcgis.com/datasets/58e27e3448a24081ae35b9e89037344e,2009-2014 City of Indianapolis Office of Equal Opportunity Case Reports,2009-2014 City of Indianapolis Office of Equal Opportunity Case Reports,2016-04-28T14:37:46.000Z,2016-04-28T14:47:00.000Z,http://data1-indygis.opendata.arcgis.com/datasets/58e27e3448a24081ae35b9e89037344e,http://www.indy.gov/eGov/City/DMWBD/Office-of-Equal-Opportunity/Documents/2009-2014 EO Report.pdf,"-180.0,-90.0,180.0,90.0",http://data1-indygis.opendata.arcgis.com/datasets/58e27e3448a24081ae35b9e89037344e
http://data1-indygis.opendata.arcgis.com/datasets/aaa743c236314a6fba21e3f84f4ad19e_1,Community Development Corporations,"Polygon boundaries displaying the Community Development Corporations (CDC) within Indianapolis and Marion County, Indiana.Data projection: NAD 1983 StatePlane Indiana East FIPS 1301 (US Feet)",2015-11-24T16:30:58.000Z,2018-03-09T14:14:39.535Z,http://data1-indygis.opendata.arcgis.com/datasets/aaa743c236314a6fba21e3f84f4ad19e_1,http://xmaps.indy.gov/arcgis/rest/services/OpenData/OpenData_PlanningZoning/MapServer/1,"-86.2512,39.7073,-85.9525,39.8415",http://data1-indygis.opendata.arcgis.com/datasets/aaa743c236314a6fba21e3f84f4ad19e_1
http://data1-indygis.opendata.arcgis.com/datasets/9b842741ed5d4a678172d4c9415e352b_12,Indiana University Health People Mover,"Line file representing the monorail in Indianapolis, Indiana.Data projection: NAD 1983 StatePlane Indiana East FIPS 1301 (US Feet)",2015-12-17T16:14:36.000Z,2018-03-09T16:40:34.000Z,http://data1-indygis.opendata.arcgis.com/datasets/9b842741ed5d4a678172d4c9415e352b_12,http://xmaps.indy.gov/arcgis/rest/services/OpenData/OpenData_Transportation/MapServer/12,"-86.1782,39.7773,-86.163,39.7886",http://data1-indygis.opendata.arcgis.com/datasets/9b842741ed5d4a678172d4c9415e352b_12
http://data1-indygis.opendata.arcgis.com/datasets/9b68beb2303d46339eca71be2a4a6876_3,At-Risk After School Meals Programs,Locations of at-Risk after school meals programs and summer food service programs. Data projection: NAD 1983 State Plane Indiana East FIPS 1301 (US Feet),2017-10-10T13:48:10.000Z,2018-03-09T13:52:20.000Z,http://data1-indygis.opendata.arcgis.com/datasets/9b68beb2303d46339eca71be2a4a6876_3,http://xmaps.indy.gov/arcgis/rest/services/OpenData/OpenData_Infrastructure/MapServer/3,"-86.2725,39.6506,-85.9586,39.9193",http://data1-indygis.opendata.arcgis.com/datasets/9b68beb2303d46339eca71be2a4a6876_3
http://data1-indygis.opendata.arcgis.com/datasets/5d08eba2e9034bc88986af25afe12f5e_1,Indianapolis Code Enforcement Violations and Investigations,Table containing Indianapolis Department of Code Enforcement (DCE) violation and investigation data.,2016-03-31T16:55:25.000Z,2018-03-09T16:41:46.000Z,http://data1-indygis.opendata.arcgis.com/datasets/5d08eba2e9034bc88986af25afe12f5e_1,http://xmaps.indy.gov/arcgis/rest/services/OpenData/OpenData_NonSpatial/MapServer/1,"-86.37,39.618,-85.901,39.987",http://data1-indygis.opendata.arcgis.com/datasets/5d08eba2e9034bc88986af25afe12f5e_1
http://data1-indygis.opendata.arcgis.com/datasets/be9ec4331d0242c6994a256073be772f_16,IMPD Use Of Force,Indianapolis Metropolitan Police Department (IMPD) officers use of force in Indianapolis and Marion County . ,2016-11-14T20:13:09.000Z,2018-03-09T16:39:27.000Z,http://data1-indygis.opendata.arcgis.com/datasets/be9ec4331d0242c6994a256073be772f_16,http://xmaps.indy.gov/arcgis/rest/services/OpenData/OpenData_NonSpatial/MapServer/16,"-180.0,-90.0,180.0,90.0",http://data1-indygis.opendata.arcgis.com/datasets/be9ec4331d0242c6994a256073be772f_16
http://data1-indygis.opendata.arcgis.com/datasets/9e7f39a288224a43b3b0e4a2a0b5ed5e_4,Mayor's Action Center Switchboard Cases,Table containing the Indianapolis Mayor's Action Center switchboard case data.,2016-03-31T14:44:15.000Z,2018-03-09T20:25:25.000Z,http://data1-indygis.opendata.arcgis.com/datasets/9e7f39a288224a43b3b0e4a2a0b5ed5e_4,http://xmaps.indy.gov/arcgis/rest/services/OpenData/OpenData_NonSpatial/MapServer/4,"-86.342,39.632,-85.949,39.94",http://data1-indygis.opendata.arcgis.com/datasets/9e7f39a288224a43b3b0e4a2a0b5ed5e_4
http://data1-indygis.opendata.arcgis.com/datasets/cee4c62348cd4dd0aadb3855bbf7692b_0,Cultural Districts,"Polygon file representing the cultural district boundaries in Indianapolis, Indiana.Data projection: NAD 1983 StatePlane Indiana East FIPS 1301 (US Feet)",2015-12-18T18:06:53.000Z,2018-03-09T14:15:07.000Z,http://data1-indygis.opendata.arcgis.com/datasets/cee4c62348cd4dd0aadb3855bbf7692b_0,http://xmaps.indy.gov/arcgis/rest/services/OpenData/OpenData_Boundaries/MapServer/0,"-86.1881,39.7457,-86.1276,39.8795",http://data1-indygis.opendata.arcgis.com/datasets/cee4c62348cd4dd0aadb3855bbf7692b_0
http://data1-indygis.opendata.arcgis.com/datasets/cd1e489dfd7f499d874ae699f3d10d8e_1,Indianapolis Greenways,"Line file depicting Greenway locations in Indianapolis and Marion County, Indiana.Data projection: NAD 1983 StatePlane Indiana East FIPS 1301 (US Feet)",2017-10-19T14:34:32.000Z,2018-03-09T17:49:58.000Z,http://data1-indygis.opendata.arcgis.com/datasets/cd1e489dfd7f499d874ae699f3d10d8e_1,http://xmaps.indy.gov/arcgis/rest/services/OpenData/OpenData_Recreation/MapServer/1,"-86.3284,39.6335,-85.9517,39.9276",http://data1-indygis.opendata.arcgis.com/datasets/cd1e489dfd7f499d874ae699f3d10d8e_1
http://data1-indygis.opendata.arcgis.com/datasets/f6f47bf314aa41db8dea7c327f167846_2,Marion County Rivers,"Polygon file containing Marion County, Indiana river locations and names.Data projection: NAD 1983 StatePlane Indiana East FIPS 1301 (US Feet)",2017-10-19T17:11:26.000Z,2018-03-09T19:17:45.000Z,http://data1-indygis.opendata.arcgis.com/datasets/f6f47bf314aa41db8dea7c327f167846_2,http://xmaps.indy.gov/arcgis/rest/services/OpenData/OpenData_Hydro/MapServer/2,"-86.3225,39.6229,-85.8995,39.9685",http://data1-indygis.opendata.arcgis.com/datasets/f6f47bf314aa41db8dea7c327f167846_2
